MrBeast,166000000,Entertainment
Vlad and Niki,98900000,Entertainment
Zee TV,70500000,Entertainment
Marshmello,56400000,Entertainment
Get Movies,47500000,Entertainment
Shemaroo,47400000,Entertainment
Badabun,46800000,Entertainment
Voot Kids,45500000,Entertainment
Felipe Neto,45200000,Entertainment
Vocï¿½ï¿½ï¿½,44700000,Entertainment
HAR PAL GEO,44600000,Entertainment
HolaSoyGerman.,43600000,Entertainment
ARY Digital HD,43200000,Entertainment
Like Nastya Show,42400000,Entertainment
Rihanna,41900000,Entertainment
Toys and Colors,40300000,Entertainment
WorkpointOfficial,39000000,Entertainment
TheEllenShow,38200000,Entertainment
Like Nastya ESP,37600000,Entertainment
ıııııııııııı one31,37500000,Entertainment
Saregama Music,35500000,Entertainment
Ryan's World,35200000,Entertainment
Jess No Limit,34000000,Entertainment
Ch3Thailand,33500000,Entertainment
Eros Now Music,32700000,Entertainment
StarPlus,32000000,Entertainment
GMA  Network,31900000,Entertainment
DONA ï¿½ï¿½,31700000,Entertainment
Lucas and Marcus,31600000,Entertainment
Luis Fonsi,31400000,Entertainment
TheDonato,31200000,Entertainment
AH,30400000,Entertainment
Boram Tube Vlog [ï¿½ï¿½ï¿½ï¿½ï¿½ï¿½ï¿½ï¿½ï¿,30300000,Entertainment
ıııııııı ıııııııı ıııııııııı | toyoraljanahtv,30200000,Entertainment
Zhong,29200000,Entertainment
The Late Late Show with James Corden,28400000,Entertainment
HUM TV,28300000,Entertainment
Shemaroo Movies,28200000,Entertainment
Crazy XYZ,27300000,Entertainment
ToyPuddingTV,27100000,Entertainment
Dushyant kukreja,27100000,Entertainment
Renato Garcia YT,26900000,Entertainment
Netflix,26700000,Entertainment
PANDA BOI,26400000,Entertainment
BB Ki Vines,26300000,Entertainment
Junya.ï¿½ï¿½ï¿½ï¿½,26200000,Entertainment
1MILLION Dance Studio,26100000,Entertainment
TRANS7 OFFICIAL,25000000,Entertainment
Dan Rhodes,24800000,Entertainment
America's Got Talent,24800000,Entertainment
Like Nastya AE,24400000,Entertainment
Amit Bhadana,24300000,Entertainment
MrBeast en Espaï¿½ï,24200000,Entertainment
KSI,24100000,Entertainment
James Charles,23900000,Entertainment
Collins Key,23900000,Entertainment
Venus Entertainment,23800000,Entertainment
Maya and Mary,23600000,Entertainment
Logan Paul,23600000,Entertainment
Juan De Dios Pantoja,23600000,Entertainment
Sesame Street,23300000,Entertainment
Akshay Nagwadiya,23200000,Entertainment
White Hill Music,23000000,Entertainment
Tsuriki Show,23000000,Entertainment
DrossRotzank,23000000,Entertainment
KL BRO Biju Rithvik,22800000,Entertainment
Like Nastya PRT,22700000,Entertainment
Kinder Spielzeug Kanal (Kidibli),22200000,Entertainment
Sagawa /ï¿½ï¿½ï¿½,22000000,Entertainment
Disney Latinoamï¿½ï¿½,21900000,Entertainment
Eva Bravo Play,21600000,Entertainment
Infinite,21300000,Entertainment
Dangal TV Channel,21300000,Entertainment
Azhan5star,21300000,Entertainment
GMA Public  Affairs,21200000,Entertainment
Rafa & Luiz,21000000,Entertainment
nigahiga,21000000,Entertainment
Lyrical Lemonade,21000000,Entertainment
Fatos Desconhecidos,20900000,Entertainment
Zach King,20700000,Entertainment
Yoeslan,20700000,Entertainment
Deddy Corbuzier,20600000,Entertainment
Ninja Kidz TV,20500000,Entertainment
Mnet K-POP,20500000,Entertainment
Vijay Television,20400000,Entertainment
SlivkiShow,20400000,Entertainment
Got Talent Global,20300000,Entertainment
Family GamesTV,20200000,Entertainment
Ami Rodriguez,20200000,Entertainment
Robin Hood Gamer,20100000,Entertainment
Marvel Entertainment,20100000,Entertainment
CookieSwirlC,20100000,Entertainment
REACT,20000000,Entertainment
Gordon Ramsay,20000000,Entertainment
SCTV,19700000,Entertainment
Britain's Got Talent,19700000,Entertainment
tabii Urdu,19600000,Entertainment
RKD Studios,19500000,Entertainment
etvteluguindia,19400000,Entertainment
Sonotek,19200000,Entertainment
Jimmy Kimmel Live,19100000,Entertainment
KBS WORLD TV,19000000,Entertainment
Sidemen,18800000,Entertainment
ıııııııııııııııııııııı,18800000,Entertainment
CKN,18700000,Entertainment
Shemaroo Comedy,18600000,Entertainment
PDK Films,18400000,Entertainment
Miley Cyrus,18300000,Entertainment
Good Mythical Morning,18300000,Entertainment
Jake Fellman,18100000,Entertainment
GEN HALILINTAR,18100000,Entertainment
Ajay Sharma,18100000,Entertainment
And TV,18000000,Entertainment
RobleisIUTU,17900000,Entertainment
Like Nastya VNM,17900000,Entertainment
Porta dos Fundos,17700000,Entertainment
Fun For Kids TV - Hindi Rhymes,17500000,Entertainment
FactTechz,17500000,Entertainment
AMARINTV : ï¿½ï¿½ï¿½ï¿½ï¿½ï¿½ï¿½ï¿½ï¿½ï¿½ï¿½ï¿½,17400000,Entertainment
Taarak Mehta Ka Ooltah Chashmah,17300000,Entertainment
TRANS TV Official,17100000,Entertainment
Gaby and Alex,17000000,Entertainment
VICE,16900000,Entertainment
EeOneGuy,16900000,Entertainment
Like Nastya IDN,16800000,Entertainment
Doggy Doggy Cartoons,16800000,Entertainment
DeToxoMoroxo,16800000,Entertainment
With Kids[ï¿½ï¿½ï¿½ï¿½ï,16700000,Entertainment
Salman Noman,16700000,Entertainment
Younes Zarou,16600000,Entertainment
Werever2morro,16600000,Entertainment
SriBalajiMovies,16600000,Entertainment
Jordan Matter,16600000,Entertainment
FunFun Toy Doll TV,16500000,Entertainment
ıııııııı ıııııııııııııııııııııı,16500000,Entertainment
RCTI - LAYAR DRAMA INDONESIA,16400000,Entertainment
GMMTV OFFICIALï¿½ï¿½,16400000,Entertainment
Ch7HD,16400000,Entertainment
Alfredo Larin,16400000,Entertainment
Matt Stonie,16300000,Entertainment
Bollywood Classics,16300000,Entertainment
LEGO,16200000,Entertainment
Kids Play,16200000,Entertainment
AdMe,16200000,Entertainment
La Rosa de Guadalupe,16100000,Entertainment
Dyland PROS,16100000,Entertainment
Disney Junior,16100000,Entertainment
Daily Dose Of Internet,16100000,Entertainment
Prime Video India,15700000,Entertainment
Juliana Baltar,15600000,Entertainment
Caeli YT,15600000,Entertainment
Talking Tom & Friends,15500000,Entertainment
Super Senya,15500000,Entertainment
Kashvi Adlakha,15500000,Entertainment
Mazhavil Manorama,15300000,Entertainment
T-Series Hamaar Bhojpuri,15200000,Entertainment
Sony LIV,15200000,Entertainment
Oyuncak Avï¿,15200000,Entertainment
Niana Guerrero,15200000,Entertainment
Chapitosiki,15100000,Entertainment
XpressTV,15000000,Entertainment
THE BROWN SIBLINGS,15000000,Entertainment
Ray William Johnson,15000000,Entertainment
Little Angel - Mï¿½ï¿½ï¿½ï¿½ï¿½ï¿½ï¿½ï¿½ï¿½ï¿½,15000000,Entertainment
A2 Motivation by Arvind Arora,15000000,Entertainment
MNCTV OFFICIAL,14900000,Entertainment
iTownGamePlay *Terror&Diversiï¿½ï,14900000,Entertainment
ERB,14900000,Entertainment
Bayashi TV,14900000,Entertainment
ıııııııııııı8 : Thai Ch8,14900000,Entertainment
The Slow Mo Guys,14700000,Entertainment
Maha Fun Tv,14700000,Entertainment
Colors Rishtey,14700000,Entertainment
Canal Nostalgia,14700000,Entertainment
ıııııııııı ıııııııııııı,14700000,Entertainment
Doc Tops,14600000,Entertainment
Telemundo,14500000,Entertainment
Reaction Time,14500000,Entertainment
Like Nastya Stories,14500000,Entertainment
les boys tv2,14500000,Entertainment
GMM25Thailand,14500000,Entertainment
ZEE5,14400000,Entertainment
RS 1313 SHORTS,14400000,Entertainment
ıııııııııııı ıııııııııııı I ıııııı ıı ıııııııııı,14400000,Entertainment
Drawblogs,14400000,Entertainment
ııııııııııııııııııııı,14400000,Entertainment
Zee Bangla,14200000,Entertainment
SIS vs BRO,14200000,Entertainment
DangMattSmith,14200000,Entertainment
Yudist Ardhana,14100000,Entertainment
#Refugio Mental,14100000,Entertainment
Bie The Ska,14100000,Entertainment
ıııııııııııııııııııı ıııııııııııııııııııı,14100000,Entertainment
Zee Telugu,14000000,Entertainment
Crescendo com Luluca,14000000,Entertainment
T-Series Regional,13900000,Entertainment
karameeshchannel,13900000,Entertainment
ADEL et SAMI,13900000,Entertainment
Airrack,13800000,Entertainment
MAIKI021,13700000,Entertainment
Goldmines Premiere,13700000,Entertainment
Saturday Night Live,13600000,Entertainment
Vijay Kumar Viner Vlogs,13500000,Entertainment
Sanjoy Das Official,13500000,Entertainment
Lady Diana,13500000,Entertainment
JULIA GISELLA,13500000,Entertainment
Blockbuster Movies,13400000,Entertainment
Vogue,13300000,Entertainment
VexTrex,13300000,Entertainment
Matt Steffanina,13300000,Entertainment
Kurt Hugo Schneider,13300000,Entertainment
Sonotek Bhakti,13200000,Entertainment
MC Divertida,13200000,Entertainment
HUBAï¿½ï¿½,13200000,Entertainment
Ei Nerd,13200000,Entertainment
BIBO ï¿½ï¿½ï¿½ï¿½ï¿½ï¿,13200000,Entertainment
Ryan Trahan,13100000,Entertainment
RedeTV,13100000,Entertainment
Ian Boggs,13100000,Entertainment
Susy Mouriz,13000000,Entertainment
Jomy Production,13000000,Entertainment
JesseAndMike,13000000,Entertainment
Davie504,13000000,Entertainment
Calon Sarjana,13000000,Entertainment
Top Viral Talent,12900000,Entertainment
Matheus Yurley,12900000,Entertainment
BIBOï¿½ï¿½ï¿½ï¿½ï,12900000,Entertainment
Talking Angela,12800000,Entertainment
MrSuicideSheep,12800000,Entertainment
YoungBoy Never Broke Again,12700000,Entertainment
#Refï¿½ï¿½ï¿½ï¿½,12700000,Entertainment
Ian Lucas,12700000,Entertainment
Zee Tamil,12500000,Entertainment
People Vs Food,12500000,Entertainment
Parafernalha,12500000,Entertainment
NDTV,12500000,Entertainment
Flowers Comedy,12500000,Entertainment
Family Fitness,12500000,Entertainment
colinfurze,12500000,Entertainment
SAAIHALILINTAR,12400000,Entertainment
Heidi and Zidane HZHtube,12400000,Entertainment
